{"cameraMode":{"drawMode":0,"name":"Shaded","section":"Shading Mode"},"sceneLighting":true,"audioPlay":false,"sceneViewState":{"showFog":true,"showMaterialUpdate":false,"showSkybox":true,"showFlares":true,"showImageEffects":true,"showParticleSystems":true},"in2DMode":false,"pivot":{"x":-2.8850762844085695,"y":0.1939932107925415,"z":0.07784804701805115},"rotation":{"x":-0.0945376604795456,"y":0.8383727669715881,"z":-0.1541261523962021,"w":-0.5142408609390259},"size":2.0660252571105959,"orthographic":false}